{"tissue_hires_scalef": 0.14522219, "tissue_lowres_scalef": 0.043566655, "fiducial_diameter_fullres": 151.59901982711582, "spot_diameter_fullres": 93.84701227392884}